{
  "homepage_images": ["01.jpg", "05.jpg", "03.jpg", "04.jpg"],
  "portfolios": [
    {
      "image": "06.jpg",
      "text": "NO STANDARD",
      "images": ["01.jpg", "02.jpg", "03.jpg", "04.jpg", "05.jpg", "06.jpg"],
      "caption": "\"Memory believes before knowing remembers. Believes longer than recollects, longer than knowing even wonders.\"\nWilliam Faulkner, *Light in August*"
    },
    {
      "image": "07.jpg",
      "text": "KEEP THIS FREQUENCY CLEAR",
      "images": ["07.jpg", "08.jpg", "09.jpg", "10.jpg", "11.jpg", "12.jpg"],
      "caption": ""
    }
  ]
}